공원명,면적,개원일,주요시설,지역,공원주소,경도,위도
남산도시자연공원,2896887㎡ 임 야 : 2454140㎡ 녹지대 및 기타시설 : 442747㎡,1968.9.10,기반시설 : 광장 45950㎡ 도로 108530㎡ 산책로 6.7㎞ (북측:3.7㎞/남측:3.0㎞) 조경시설 : 연못 1개소(1078㎡) 파고라 분수대 그늘시렁 운동시설 : 테니스장 야구장 궁도장 배드민턴장 교양시설 : 도서관 야외식물원 안중근의사 기념관 편익시설 : 주차장 매점 음수대 팔각정 화장실 밴치 타워전망대 기타시설 : 순환도로 18.9㎞,중구,서울특별시 중구 삼일대로 231(예장동),126.9903773,37.5501402
길동생태공원,80683㎡,1999.5.20,탐방객안내소 야외전시대 관찰대 목재데크 조류관찰대 길동생태문화센터,강동구,서울특별시 강동구 천호대로 1291(길동생태공원) ,127.1547791,37.5403935
서울대공원,9132690m²,1984.5.1,동물원 식물원 테마가든(장미원 어린이동물원 피크닉장) 치유숲 산림욕장 캠핑장 국립현대미술관 서울랜드 기린나라 코끼리열차 스카이리프트 등,과천시,경기도 과천시 대공원광장로 102,127.0198465,37.4264494
서울숲,480994㎡,2005.6.18,4개 테마공원: 문화예술공원 자연생태숲 자연체험학습원 습지생태원 주요시설: 가족마당 야외무대 사슴우리 곤충식물원 체육시설 놀이터 산책로 등 ,성동구,서울특별시 성동구 뚝섬로 273 (성수동1가) ,127.0417982,37.5430717
월드컵공원,2284085㎡,2002.5.1,평화의 공원 월드컵공원전시관(879㎡) 유니세프광장(2400㎡) 평화광장(5217㎡) 난지연못(24522㎡) 휴게소2개소 화장실 6개소 음수전 2개소 별자리광장(2800㎡) 잔디광장(15110㎡) 야외전시장(5145㎡) 모험놀이터(1133㎡) 피크닉장(멍석20개) 테니스장 2면 평화의정원 1개소 주차장(1242면) 에너지제로하우스 하늘공원 탐방객안내소(103㎡) 풍력발전기 5개소 전망대 20개소 화장실 5개소 음수전 4개소 하늘계단 하늘을 담는 그릇 초지(109567㎡) 난지천공원 인조잔디축구장 게이트볼장(1188㎡) 농구장(420㎡) 음수전 4개소 화장실 5개소 배드민턴장(328㎡) 다목적구장(3240㎡) 장애인놀이터(1591㎡) 어린이놀이터(706㎡) 매점 2개소 잔디광장(16193㎡) 오리연못(3600㎡) 주차장(난지천 196면 임시주차장 250면 장애인주차장 53면) 노을공원 관찰?쉼터데크 전망데크 바람의광장 누에생태체험장 노을캠핑장 파크골프장 노을계단 조각 작품 10 반딧불이 관찰원 커뮤니티센터 난지창작스튜디오 희망의숲 등 매립지 사면 달리기코스(난지순환길 5.8㎞) 수림대 사면녹화 기타시설 지역난방공사 자원회수시설 수소충전시설 수소발전시설 ,마포구,서울특별시 마포구 하늘공원로 84(월드컵공원),126.878907,37.571805
광화문시민열린마당,8948.1㎡,1999.1.1,조 경 시 설 : 육조상징벽 6개소 전통담장 4개소 열주 22조 화계6개소 편 익 시 설 : 화강석의자 35조 관 리 시 설 : 광장등 4본 정원등 23본 투사등 28본 열주내장등 22본 기 반 시 설 : 열린마당 3280㎡ 육조마당 920㎡ 휴게마당 1670㎡ 녹지대 3078㎡ 대형전용 주차장 : 9면 ,종로구,서울특별시 종로구 세종로 76-2,126.9780227,37.5750449
진관근린공원(구파발폭포),휴양 및 편익시설 : 평의자 7개 화장실 23.18㎡ 조경시설 - 은하폭포(높이 12m × 폭10m 발원지로부터 17.3m 폭 1.5 ~ 10m 수조 255㎡ 담수량 140t) - 산성폭포(높이 5m×폭 12m 수조 90㎡ 담수량 75t)- 명속의 벽 1개소(높이 5.4m) 교양시설 : 야외공연무대 102㎡ 관리시설 : 관리실 8.55㎡ 전기실 51.03㎡ 기계실 83.36㎡ 안내판 1개 공원 등 18본 휴양시설 : 벤취 12개 ,1997.10.1,폭포 야외무대,은평구,서울특별시 은평구 진관동 393,126.9192155,37.6370244
중마루근린공원,6456㎥,1997.11.25 ,기반시설 : 광장 200㎡ 산책 등산로 0.50㎞ 편익시설 : 광장  의자 휴지통 음수대 공원등 등 편익시설 : 파고라 연못 1개소(150㎡) 그늘시렁 등 휴양시설 : 정자,영등포구,서울특별시 영등포구 영등포동2가 222,126.9112668,37.519832
응봉공원,80309㎡ 배수지 시설용량 : 201.000㎥ 송수 펌프용량 : 직송급수계통 30000㎥/일 금호배수지계통 16400㎥/일 ,2003.2.21 ,조경시설 : 파고라 외 222소 운동시설 : 잔디광장 테니스장 2면 게이트볼장 배드민턴장 6면 다목적경기장 등 편익시설 : 음수대 화장실 2동 등 기타시설 : 관리동 등 ,성동구,서울특별시 성동구 금호동1가 산1-72,127.0217653,37.5572281
매화근린공원,1980.4㎡   ,1998.6.18 ,상징조형물 팔각정자 사각파고라 음수전 ,강서구,서울특별시 강서구 등촌동 630-14,126.86115,37.5575833
성수근린공원,5197.7㎡ ,1998.5.28 ,조경시설 : 그늘시렁 4개소 돌담 2개소(251.31M) 돌담 장식대 84개소 운동시설 : 농구장 176.6㎡ 배드민턴장 2면 편익시설 : 음수대 1개소 벤취 38개소 광장 706㎡ 관리시설 : 공원등 12본 (잔디등 6개소 투시등 2개소),성동구,서울특별시 성동구 성수2가 3동 302-25,127.0524023,37.5448144
샛마을근린공원,11467㎡ ,1999.5.31,농구대 2개소 체력단련시설 놀이터 다목적운동장 연못1개,강동구,서울특별시 강동구 명일1동 288,127.1471618,37.5504807
여의도근린공원,229539㎡,1999.1.24 ,건축물 : 8동 - 관리사무실(7.9㎡) 편의점3동(각 29.7㎡) 화장실7동(각104.28㎡)팔각정(27.72㎡) 사모정(8.91㎡) 공원지구대(264㎡) 공원파출소     - 자전거 도로 : 2.4km(폭4~6m) 산책로 : 3.9km(폭 2m)     - 한강둔치 연결 지하보도 : 120m(높이 2.5m 폭 8m)     - 공원등 : 334개소     - 스프링클러 : 6.4km 155개소     - 광장 : 24735㎡(7482평)     - 자전거보관대 : 2개소(16대)     - 연못 : 3개소 4848㎡( 지당연못 3530㎡ 생태연못 730㎡ 잔디마당연못 588㎡) ,영등포구,서울특별시 영등포구 여의공원로 68 (여의도동),126.922377,37.526129
훈련원근린공원,16734.60㎥ ,1997.6.30,편익시설 : 관리실(29.30㎡) 화장실(33.62㎡) 벤취 34 조경시설 : 수목 소나무외 26종 22771주 잔디 9039㎡ (2734평) 파고라 1 음수대 1계류천 벽천 안개분수 ,중구,서울특별시 중구 을지로 227,127.0038188,37.5675245
영등포근린공원,61544㎡ 녹지대 : 40792㎡ 광 장 : 6600㎡ 기 타 : 14152㎡,1998.7.8,관리시설 : 관리사무소 공원등 안내판 조경시설 : 음악분수 파고라 연못 개울 벽천 잔디밭 운동시설 : 농구장 배드민턴장 풋살경기장 편익시설 : 주차장 공중전화 음수전 화장실 의자 휴양시설 : 야외정자,영등포구,서울특별시 영등포구 신길로 275,126.910662,37.515423
보라매근린공원,424106㎡ ,1986.5.5,조경시설 : 잔디마당 수경시설(연못 벽천 등) 철쭉동산 무궁화동산 등 운동시설 : 조깅트랙 인조잔디축구장 테니스장 다목적운동장 베드민턴장 인공암벽등반장 게이트볼장 지압보도 헬스시설(평행봉 등 28종) 편익시설 : 주차장 매점 음수대 팔각정 화장실 벤치 유희시설 : 어린이놀이터  피크닉장 바닥분수 에어파크 교양시설 : 청소년수련관 시민안전체험관 동작구민회관 보안시설 : 시설물관리 감시용 CCTV 38대 24시간 녹화가동 중 기타시설 : 관악노인종합복지관 서울시지적장애인복지관 서울시남부장애인복지관 동작경찰서 지구대파견소 ※ 신림 경전철 공사로 인해 농구장 X-game장 인라인스케이트장은 폐쇄 ,동작구,서울특별시 동작구 여의대방로20길 33(보라매공원),126.918289,37.492333
어린이대공원,560552㎡,1973.5.5 ,교양시설：41개소(야외음악당 등) 조경시설：14개소(분수대 등) 유희시설：45종(놀이동산 등)   편의시설：110개소(식당 등) 동 물 원：105종 621마리 식 물 원：373종 5977 본 ,광진구,서울특별시 광진구 능동로 216(어린이대공원),127.0809212,37.5498987
천호근린공원,26696.8㎥ ,1998.6.20 ,기반시설 : 광장 1300㎡ 조경시설 : 연못 1개소 888㎡(음악분수 108) 운동시설 : 배드민턴코트 4면 600㎡(182평) 농구대 4조 족구장 442㎡(134평) 체력단련시설 32조 체력단련시설 상세 : 허리돌리기 4 철봉 3 옆파도타기 3 공중걷기 2 오금펴기 1 레그익스텐션 1 윗몸일으키기 1 로프당기기 2 팔내리기운동 1 벤치프레스 4 체스트웨이트 1 렛풀다운 1 팩덱머신 1 노젓기운동 1 양다리운동 2 상체근육풀기 2 다리운동 1 양회전운동 1 등?허리지압기 1 온몸역도올리기 3 버터플라이 1 교양시설 : 야외무대 1개소 213㎡ 도서관 473㎡ 편의시설 : 벤치(등받이) 64 벤치 40 팔각정자 1개소 평상 17 원형테이블 2 피크닉테이블 27 음수대 2 관리시설 : 공원등 58본 감시카메라 5본 서치라이트 2조 스피커 34개 음악분수제어실 1 ,강동구,서울특별시 강동구 올림픽로 702(천호공원),127.1263451,37.5444741
용산가족공원,75900㎡,1992.11.5 ,조경시설 : 잔디광장 연못 4개소(6740㎡) 정자3 원두막2 자연학습장 맨발공원 태극기공원 운동시설 : 철봉 평행봉 역기 윗몸일으키기 등배치기 등 13점 편익시설 : 주차장(50대) 음수대 공중전화 화장실 벤치 자동판매기 교양시설 : 국제조각품 9점 기타시설 : 야외예식장 빗물펌프장 공원가로등(59본 118등),용산구,서울특별시 용산구 서빙고로 185,126.983335,37.522226
독립근린공원,113021.7m2,1992.8.15,방문자센터(관리사무소 위치) 순국선열추념탑 서재필선생동상 독립관(순국선열 위패봉안소) 3?1독립선언기념탑 독립문 형무소 역사관 이진아기념도서관 ,서대문구,서울특별시 서대문구 통일로251(독립공원),126.956771,37.5738289
낙산근린공원,201779㎥ ,2002.6.12,기반시설 : 관리도로 2920m 산책로 1010m 주차장 640㎡ 교양시설 : 역사탐방로 935m 비우당 27㎡ 홍덕이밭 50㎡ 건축시설 : 5동(전시및관리실 매점및화장실 비우당 육각정자 노인정) 운동시설 : 배드민턴장 12면 농구장 1면 편익시설 : 파고라 5종 의자 117개 음수대(6) 화장실2 광 장 : 5개소(중앙광장 놀이광장 전망광장 3개소) 기타시설 : 안내판 등 29개 ,종로구,서울특별시 종로구 낙산길 41 (우) 03085,127.007587,37.580477
양재시민의숲,258991㎡   ,1986.11.30,조경시설 : 잔디광장 파고라 그늘시렁 운동시설 : 배구장(족구장 겸용) 농구장 테니스장 등 편익시설 : 매점 야외 바비큐장 음수대 화장실 5개소 등 기        타 : 야외 예식장 윤봉길의사 기념관 윤봉길의사 동상 야외무대 백마부대 충혼탑                      대한항공 858편 위령탑 삼풍백화점 희생자 위령탑 등 ,서초구,서울특별시 서초구 매헌로 99 (양재동),127.035042,37.471225
관악산도시자연공원,10420819.08㎡,1968.1.15,낙성대 연주대 삼막사 관음사 관악산호수,관악구,서울특별시 관악구 관악로 1(관악산공원),126.96413,37.445208
효창근린공원,171294.1㎥,1940.3.12,관리시설 : 관리사무소 공원등 안내판 편의시설 : 매점 공중전화 화장실 음수대 야외탁자 의자 시계탑 조경시설 : 자연학습장 연못 데크로드 운동시설 : 농구장 배드민턴장 게이트볼장 체력단련시설 유희시설 : 어린이놀이터 휴양시설 : 정자 파고라 교양(사적)시설 : 의열사 백범김구선생 묘역 삼의사묘역 임정요인묘역 백범기념관 이봉창의사 동상 반공투사 위령탑 원효대사상,용산구,서울특별시 용산구 효창원로 177-18,126.95993,37.545234
감로천생태공원(관악산),총 15000㎡,2002.7.15,연못 3개소 목재 데크 황토길 지압로 공원등(12),금천구,서울특별시 금천구 독산4동 371?375 373일대,126.9079509,37.469625
개운산근린공원,297926㎡,1995.5.3,공원이용지원센터 화장실 산책로(산마루길 목재데크산책로 오솔길 등) 자연학습장 지압보도 축구장 배드민턴장 족구장 정자 등,성북구,서울특별시 성북구 북악산로 949-73(돈암동 6-1),127.0252858,37.5965837
개웅산근린공원,411972㎡,1971.8.6,배드민턴장 철봉 허리돌리기 역기 등 운동기구,구로구,서울특별시 구로구 오류동 산13-1,126.8485734,37.4888943
경희궁,98470㎡,2002,자정전 흥화문 (서울특별시 유형문화재 제19호) 숭정전,종로구,서울특별시 종로구 새문안로 55(신문로2가 2-1),126.9685341,37.570773
국립현충원,2038741.3㎡,1955.7.15,현충관 현충탑 충열대 충성분수대 호국분수탑 충혼승천상 휴게소,동작구,서울특별시 동작구 사당2동 산41-2,126.9736849,37.4998621
계남근린공원,603715.2㎡,1971.8.6,장군정(정상) 1동 다목적구장(실내 배드민턴장) 생태연결통로(계남12공원 연결) 조류사육장 1개소 야외무대 약수터 3개소 각종운동시설(게이트볼장 족구장 등) 화장실 2개동 ,양천구,서울특별시 양천구 신정동 산44-2일대,126.8479643,37.5138358
고척근린공원,108120㎡,1988.12,도서관 어린이놀이터 배드민턴장 테니스장 운동장 조깅트랙 구민체육센터 운동기구 농구장,구로구,서울특별시 구로구 고척로45길 39(고척공원),126.8521495,37.5042944
파리근린공원,29619.3㎥,1987.6.30  ,분수(벽천 무지개 분수 곡사분수 바닥분수) 자수화단 야외무대 모형 에펠탑 개선문 등 각종 운동시설(체력단련장) 관리사무소(화장실) 1개동 공원등80개 등 ,양천구,서울특별시 양천구 목동동로 363 ,126.8763932,37.5349739
허준공원,29843.8㎡ ,1993.10.31 ,연못(5100㎡) 정자 어린이 놀이 시설 허준 동상 음악분수 ,강서구,서울특별시 강서구 허준로5길 42,126.8526745,37.5679874
궁동근린공원,126026㎡ ,1940.3.12,조경시설 : 파고라 3동 편의시설 : 실내체육관 1동 정자 2동 평의자 30조 관리시설 : 종합안내판 1조 초화류안내판 2개 기반시설 : 도로 산책로 등 ,서대문구,서울특별시 서대문구 성산로7길 19-24(궁동공원) ,126.9229851,37.5690506
궁산근린공원,135002.7㎡ ,1996.12.19 ,소악루 양천고성지 양천향교 자연학습탐방로 사진촬영전망대 ,강서구,서울특별시 강서구 가양동 산4-7,126.838952,37.5735645
까치산근린공원,384026㎡ ,1971.8.6 ,임당 정공 신도비 ,동작구,서울특별시 동작구 사당동 산32,126.9640735,37.4845836
꿩고개근린공원,180000㎥,1977.7.14 ,게이트볼장 정자 지압로 약수터음수전 ,강서구,서울특별시 강서구 방화동 산110,126.8157075,37.5801585
노량진공원,416031㎡ ,1993.4.17 ,조깅트랙 다목적운동장 공군충혼탑 장애인운동시설 테니스장 산책로 ,동작구,서울특별시 동작구 여의대방로 15-45(여의대방로36길 71),126.928607,37.510234
답십리근린공원,160720㎡,1998,휴게소 5개소 그늘시렁 6동 종합체육시설 배드민턴장 문화회관,동대문구,서울특별시 동대문구 답십리로 209(답십리공원) ,127.0626512,37.5750896
대모산도시자연공원,2277252㎡ ,1989.11.23 ,화장실 1동 약수터 1개소 편익시설 44개 다목적 운동장 1개소 ,강남구,서울특별시 강남구 광평로10길 30-71(대모산공원) ,127.0809639,37.4796489
탑골근린공원,19599.70㎥ ,1971.8.6 ,원각사지10층석탑 팔각정 3.1운동기념탑 손병희선생 동상 한용운선생 기념비 우물 편의시설 ,종로구,서울특별시 종로구 종로 99,126.9882853,37.5710052
갈산근린공원,138596㎡ ,1971.8.6 ,갈산정(정상) 1동 교통교육관 및 전시물 교통안전교육 체험장 어린이놀이터 멀티코트장 등 중심광장 전망대 각종 운동시설 ,양천구,서울특별시 양천구 신정동 162-56,126.8689146,37.5082119
천마근린공원,185295㎥ ,2002.10.30 ,어린이안전공원 축구장 배드민턴장 체력단련장 ,송파구,서울특별시 송파구 마천동 산 1-1,127.1586644,37.5005173
도곡근린공원,254648㎡,1977.7.9,배드민턴장 약수터 화장실 정자 다목적 운동장 ,강남구,서울특별시 강남구 도곡동 산31-1,127.0450338,37.4903127
도산근린공원,29816.5㎡ ,1997.8.6 ,도산묘소 동상 도산기념관 화장실 그늘시렁 운동시설 ,강남구,서울특별시 강남구 도산대로45길 20(도산공원),127.0350296,37.5246752
청량공원,762642㎡ ,1940.3.12 ,어른신건강마당 진입광장 휴식광장 입구연못 파고라 조경수원 목교 전망테크 산림종합전시관 야외학습장 도서관 공연장 건강마당 ,성북구,서울특별시 성북구 화랑로18가길 50,127.0511145,37.6020055
초안산근린공원,664905㎡ ,1971.8.6 ,잔디광장 계류 생태연못 녹지대 음수대 생활체육시설 산책로 등 ,도봉구,서울특별시 도봉구 창동 산157,127.0455446,37.648316
동명근린공원,99599.9㎡ ,1989.4.29 ,축구장 족구장 배구장 배드민턴장 농구장 ,강동구,서울특별시 강동구 고덕2동 229,127.1676703,37.5598341
마로니에공원,5802㎡ ,1982.4.29 ,야외무대 분수대 조합놀이대 ,종로구,서울특별시 종로구 대학로8길 1,127.0027886,37.5802295
자매근린공원,총 16500㎥ ,1977.5.1 ,앙카라하우스 조형물 파고라4개소 배드민턴장 게이트볼장 화장실 관리실 ,영등포구,서울특별시 영등포구 의사당대로 166 (우) 07324,126.9302895,37.5177329
장지근린공원,585652㎥ ,2003.6.4 ,휴게광장 체력단련장 배드민턴장 ,송파구,서울특별시 송파구 장지동 산 11번지,127.1387,37.4957083
명일근린공원,649709.6㎡ ,1971.8.6 ,생태연못 초가정자 바닥분수 계류 벽천 어린이놀이터 돌무더기 ,강동구,서울특별시 강동구 상일동 135,127.1613641,37.5537143
방화근린공원,72132㎡,1996.12.10,다목적운동장 체육시설 원형광장 연못 분수대 어린이놀이터 산책로 파고라 휴게소 ,강서구,서울특별시 강서구 금낭화로 176(방화공원),126.8132285,37.5819812
아시아근린공원,66027.8㎡,1986.4.30,송파문화예술회관 야외공연장 부리도 기념비 시와 그림의 광장,송파구,서울특별시 송파구 올림픽로 44 (잠실동),127.0762885,37.5102779
배봉산근린공원,265582㎡,1992,야외무대관리사무실 어린이놀이터 약수터 산책로 체육시설 자연학습장 ,동대문구,서울특별시 동대문구 한천로43길 12-14(배봉산공원) ,127.0641623,37.5812324
안산도시자연공원,2088704.9㎡,1977.7.9,조경시설 : 팔각정자 야외탁자 조합놀이대 등 편의시설 : 화장실 약수터 등 관리시설 : 관리사무소 공원등 안내판 등 기반시설 : 만남의광장 산책로 등 연희숲속쉼터 : 10000㎡(연희동 산2-5 서대문청소년수련관 주변) 잔디마당 숲속쉼터허브원 습지 계류시설 홍제천 수변마당 안산자락길 : 1.69KM(옛 시민아파트 철거부지 ~ 한성과학고 뒤) 장애물이 없는 데크로드 ,서대문구,서울특별시 서대문구 홍제동 산33-98,126.9390273,37.5798246
염창근린공원,112070㎡,1977.7.9,골프연습장 스포츠센타,강서구,서울특별시 강서구 염창동 산24-1,126.8689817,37.5579702
백련근린공원,993724㎡,1966. 2. 5,조경시설 : 정자 파고라 조합놀이대 등  편의시설 : 청소년수련관 문화체육회관 화장실 음수대 등  관리시설 : 종합안내판 관리사무소 등  기반시설 : 도로 산책로 등   백련근린공원(논골지구) : 19500㎡(홍은2동 산11-216 서강아파트 뒤) 팔각정 초정 운동시설 계류 생태연못 허브원 장미원 실용원 약용원 등 ,서대문구,서울특별시 서대문구 통일로 507-22(백련공원) ,126.928616,37.5879662
오금근린공원,219167㎡ 곰두리체육센터 : 7370㎡(지하2층 지상3층) 송파도서관 : 8259㎡(지하1층 지상4층) ,1990.10.30,곰두리체육센터 송파도서관 테니스장 배드민턴장 게이트볼장 자연학습관찰로 삼림욕장 ,송파구,서울특별시 송파구 오금로 363 오금근린공원 ,127.1323957,37.5038715
오동근린공원,1349556.4㎡ ,1987.4.27,배드민턴장 운동장 체력단련시설,강북구,서울특별시 강북구 번동 산20-1,127.0317269,37.6327957
봉산도시자연공원,1511198㎡,1977.7.14 ,산책로9㎞ 전시관 1동 운동시설,은평구,서울특별시 은평구 구산동 산61,126.9020153,37.604071
온수도시자연공원,1097565㎡,1971.8.6,배드민턴장 체력단련장 철봉 허리돌리기 등 운동기구,구로구,서울특별시 구로구 개봉동 산2-60,126.83695,37.5002598
봉은공원,328018㎡,1971.8.6,奉恩寺 도심 한가운데 있는 奉恩寺는 그 외형적 규모뿐 아니라 역사적으로 서울의 대표적인 사찰로 알려져 있다. 일제시대에는 서울과 경기 일원의 80여 사찰을 관장하던 본사였고 조선시대에는 억불정책에도 불구하고 선종의 수사찰(首寺刹)로 한국불교의 명맥을 유지하는데 결정적 공헌을 해온 곳이다. 선불당(選佛堂) 봉은사 대웅전 한단 아래 왼쪽에 자리잡고 있는 선불당은 대중을 위한 禪房으로1941년 심검당이 있던 자리에 중건된 것이다. 선불당은 계율을 일러주는 곳 혹은 선법.교법을 닦는 곳이다. 秋史 金正喜의 '板殿' 현판 (서울시 유형문화재 제76호: 1991년 5월28일 지정) 봉은사에 있는 화엄경소를 비롯한 15종 3438매의 많은 목판본을 보관하기 위하여 세워진 전각인 판전의 정면 어칸의 처마에 걸려 있는 편액이다. 이 편액은 추사 김정희(1786~1856?)의 말년 작품으로 왼쪽에 세로로 '칠십일과병중작(칠십일과병중작)'이라 쓰여진 바와 같이 그가 71세때 병중에 쓴 글씨로 유명하다. 대방광불화엄경(大方廣佛華嚴經) 수소연의 초판 (서울시 유형문화재 제84호: 1992년 12월28일 지정) 봉은사 판전에 보관되어 있는 총 15종 3438판의 목판본 중 3133판이 바로 대방광불화엄경이다. 대승불교의 대표적 경전이라 할 수 있는 이 화엄경판은 처음 중국 당나라의 실차난타와 징관이 각각 번역하고 찬한 것으로 흔히 '화엄경'으로 줄여 부른다. 주된 내용은 부처님이 성도한 깨달음의 내용을 그대로 나타내고 있는 경전으로 여러 대승불교의 경전 가운데서도 교학적.사상적으로 불교의 핵심을 가장 깊게 담고 있다는 평가를 받고 있다. ,강남구,서울특별시 강남구 삼성동 75,127.0554961,37.5139026
올림픽공원,총 1447122㎡,1988,몽촌토성 음악분수 올림픽회관 지구촌공원 피크닉장 88마당 체육관,송파구,서울특별시 송파구 올림픽로 424 (방이동),127.122959,37.520934
와룡근린공원,207790㎡ ,1984.4.1,말바위 테니스장 노천탕,종로구,서울특별시 종로구 와룡공원길 192 (우) 03063,126.9901672,37.5907944
봉화산근린공원,1018689㎡,1977.7.9,봉수대 등,중랑구,서울특별시 중랑구 묵동 산46-1,127.0923625,37.6106404
북악산도시자연공원,954553㎡,1963.12.21,현재 북악은 청와대가 있어 일반인의 등산이 금지되어 있으나 1967년까지는 청와대 뒤의 북악 일대도 가벼운 등산길이었다. 그러나 1968년 1월 21일 북한 무장공비들이 이곳까지 침투해 온 사건이 발생하여 수도권 경비강화를 목적으로 북악스카이웨이를 만들고 등산길은 폐쇄하였다.   숙정문과 창의문 사이에는 성곽옆에 1.21사태 소나무가 생육중이다.   북악산도시자연공원에는 서울성곽 18.627km의 탐방코스중 4대문 중 북대문인 숙정문에서  4소문중 북소문인 창의문 구간 약 2km의 코스가 있다.   창의문 외곽에는 북악산도시자연공원은 아니지만 자연경관보호지역으로 백사실계곡이 인접하여 있다. ,종로구,서울특별시 종로구 부암동 산2-6,126.9737295,37.5929992
외국인묘지공원,13224㎡,1965.5.6,묘지 517기 휴게시설 편의시설 녹지대,마포구,서울특별시 마포구 양화진길 46(외국인묘지공원),126.911414,37.546797
불광근린공원,130345㎡,1977.7.14 ,도서관 산책로 실외배드민턴장 등,은평구,서울특별시 은평구 불광동 산33-1,126.9298962,37.6188016
불암산도시자연공원,5332422㎡,1977.7.9,등산로 및 휴게시설,노원구,서울특별시 노원구 한글비석로12길 51-33(불암산공원) ,127.0952714,37.6636719
용마폭포공원,5107964㎡,1958.2.15,광장 4개소 노인정 수영장 용마폭포공원 ,중랑구,서울특별시 중랑구 면목동 산1-4 ,127.0905888,37.5731968
사육신공원,47832㎡,1978.5.19,사육신묘 의절사 불이문 홍살문 비각 산책로,동작구,서울특별시 동작구 노량진로 191,126.948636,37.5137049
용왕산근린공원,213552㎡,1971.8.6,용왕정 1동(정도600년 기념 건립) 잔디광장 6000㎡ 조깅코스 400m 건강지압로90m 배드민턴장3개소 게이트볼장1개소 어린이 놀이터1개소 약수터2개소 각종 운동시설(체력단련장) 화장실 3개동 공원등 63개 기타시설 등 ,양천구,서울특별시 양천구 목동 199-51,126.8783125,37.5429593
사직근린공원,168099.87㎡,1940.3.12,사직단 단군성전 황학정 어린이도서관 종로시립도서관 수영장,종로구,서울특별시 종로구 사직로9길 5,126.9674018,37.5759864
우장산근린공원,359435.2㎡,1988.12.30,강서구민회관 서울정보기능대학 운동장(인조잔디구장조깅트랙) 테니스장 트림코스장 조각의 거리 야외무대 국궁장 등,강서구,서울특별시 강서구 내발산동 산4-5,126.844932,37.5541932
삼일근린공원,36660㎡,1990.12.21,삼일공원비 삼일공원 산책길 삼일공원 놀이터,동작구,서울특별시 동작구 사당동 산24-17,126.9743686,37.4860183
삼청근린공원,380735㎡ ,1940.3.12,삼청동문(암각) 배드민턴장 테니스장 어린이 놀이터 다목적 공터 및 매점 등 ,종로구,서울특별시 종로구 북촌로 134-1 (우) 03050,126.9842875,37.5895821
인왕산도시자연공원,1807420.9㎡,1940.3.12,인왕사 선바위 국사당 인왕천 만수천 석굴암약수터,종로구,서울특별시 종로구 옥인동 산 3-1 ,126.9578438,37.5849001
상도근린공원,359342.8㎡,1940. 03. 12,배드민턴장 생활체육시설 약수터 산책로,동작구,서울특별시 동작구 성대로6사길 27-6(상도공원) ,126.9385469,37.492299
일자산도시자연공원,632733㎡,2008.3.22,실내배드민턴장 실내체육관 산책로 X-게임장 잔디광장 인공폭포,강동구,서울특별시 강동구 동남로 660(일자산공원),127.1574587,37.5431657
쌍문근린공원,328018㎡,1971.8.6,산책등산로 정자 약수터 화장실 테니스장 배구장 배드민턴장 문화센터 등,도봉구,서울특별시 도봉구 쌍문동 산80,127.0271316,37.6531456
수락산도시자연공원,6691885.3㎡,1977.7.9,등산로 및 휴게시설,노원구,서울특별시 노원구 상계동 산3-1,127.0813633,37.699232
송파나루근린공원(석촌호수),285757㎡,1981.11.26,휴게소 서울놀이마당 매직아일랜드 석촌호수,송파구,서울특별시 송파구 잠실로 148 (잠실동) ,127.0983002,37.5069328
선유도근린공원,110407㎡,2003.4.26 ,녹색기둥의 정원 시간의 정원 수질정화원 수생식물원 선유정 네개의 원형공간 카페테리아나루 선유교 전망데크,영등포구,서울특별시 영등포구 선유로 343 (당산동 1) 선유도공원관리사무소,126.90014,37.543418
손기정체육공원,29682.2㎡,1987.9.18,청소년독서실 마을문고 테니스장 게이트볼장 어린이놀이터,중구,서울특별시 중구 손기정로 101 ,126.9652702,37.5560189
성북근린공원,137759㎡,1990.8.25,생태연못 전망대 휴게광장 나무집 야외학습장 바닥분수 등,성북구,서울특별시 성북구 돈암동 616-1055,127.0078625,37.5948509
봉제산공원,917190㎡,1977.7.9,법성사 용문사 약수터 배드민턴장,강서구,서울특별시 강서구 화곡동 산41-6,126.8517836,37.5421979
서울창포원,51470㎡,2009.6.7,붓꽃원 약용식물원 수변식물원초화원. 방문자센터 등,도봉구,서울특별시 도봉구 마들로 916(서울창포원) ,127.047938,37.689585
북서울꿈의숲,662543㎡,2009.10.17,조경시설 : 청운답원 월영지 월광폭포 단풍숲 초화원 사슴동산 칠폭지 볼플라자 산책로 쉼터 데크 계류 옥상녹화 등 건축시설 : 방문자센터(서울디자인갤러리) 전망대 공연장(2) 미술관 창녕위궁재서 주차장(402대) 레스토랑(2) 카페(2) 기타시설 : 태양광발전시설 경사형엘리베이터(2) Open스튜디오 ,강북구,서울특별시 강북구 월계로 173,127.0407344,37.6233355
서서울호수공원,217946㎡,2009.10.26,소리분수(노즐41개) 미디어벽천 실개천 건천(계류시설) 백인의 식탁 음수전 등 체육시설 : 축구장 (3010㎡)ㆍ농구장 1면(240㎡)ㆍ배드민턴장 4면(1050㎡) 철봉 등 12 종(53개) ,양천구,서울특별시 양천구 남부순환로64길 20 (신월동),126.8304789,37.5278392
중랑캠핑숲,179666㎥,2010.11.20 ,조경시설  수경시설 : 2900㎡(분수연못 1120 테라스연못 440 계류 720 건천 620) 잔디광장 : 5000㎡(청소년문화존/Wi-Fi) 산 책 로 : 1767㎡(산책로 797 등산로 970) 조경수목 : 82473주(교목 2411 관목 80062) 기타녹지 : 90480㎡(지피식물 6000 잔디 14480 녹지 70000 초화 164000본)       휴양시설  캠 핑 장 : 47면(37200㎡/관리사무소 1동 화장실 1동 식기세척장 1동 운동시설 등)       교양시설  청소년독서실 : 936㎡(2층) 청소년커뮤니티센터 : 390㎡(3층) 생태학습존 청소년문화존 일부 : 24400㎡   관리시설 관리사무소 : 576㎡(공원 196 캠핑장 380/ 스파 화장실 매점 등) 주 차 장 : 68면(청소년문화존 58 가족캠프존 10) 공 원 등 : 136주 (공원등 90 보안등 46) ,중랑구,서울특별시 중랑구 송림길 160(중랑캠핑숲)/중랑구 망우동 74(청소년체험의숲),127.1093075,37.6049896
솔밭근린공원,34955㎡,2004.1.28,조경시설 : 실개울 벽천 분수 생태연못 그늘시렁 등 편의시설 : 화장실 음수대 등 관리시설 : 관리사무소 공원등 안내표지판 등 기반시설 : 놀이마당 배드민턴장 어린이놀이터 산책로 데크광장 ,강북구,서울특별시 강북구 우이동 80번지 일대,127.0116241,37.652331
금천체육공원(관악산),18083㎡,2001.6.1,야외무대 농구장 배드민턴장 그날막 조합놀이대 연못 장승 목재데크 황토길 지압로 분수,금천구,서울특별시 금천구 독산동 산118-4(금천체육공원),126.908681,37.468164
금천폭포근린공원,4835㎡,2008.10.20,문화회관 2020㎡ 인공폭포(L30 x H12m) 공원시설 전망대 등,금천구,서울특별시 금천구 시흥대로38길 61(시흥동 937-2),126.9040127,37.4468663
만수천공원(관악산),19650 ㎡,2008.9.12,체육시설 : 생활체육시설 독산테니스장(8면) 배드민턴장(2개소) 다목적 광장 편익시설 : 정자(3동) 화장실(2개소) 만수천 약수터,금천구,서울특별시 금천구 독산동 산8 일대,126.9090028,37.4734274
발바닥공원,7000㎡,2002,기반시설 : 산책로 조경시설 : 관상용식수대 그늘시렁 연못 휴양시설 : 정자 운동시설 : 체력단련시설 편익시설 : 화장실 지압보도 관리시설 : 도봉환경교실,도봉구,서울특별시 도봉구 시루봉로6길 33,127.031982,37.6597135
월천근린공원,10712㎡,1988,기반시설 : 산책로 조경시설 : 관상용식수대 그늘시렁 연못 휴양시설 : 정자 장의자 운동시설 : 배드민턴장 체력단련시설 유희시설 : 그네 미끄럼틀 시솔 조합놀이대 등 편익시설 : 화장실 음수대 관리시설 : 공원등 안내판,도봉구,서울특별시 도봉구 창동 28번지,127.0509895,37.6473889
용두근린공원,17182㎡,2010.3.25,조경시설 : 연못 계류 분수 그늘시렁 편의시설 : 음수대 휴게소 야외전시장 야외전시벽 놀이터 관리시설 : 공원안내판 관리동 기반시설 : 도로 진입광장 휴게광장 ,동대문구,서울특별시 동대문구 용두동 34-1번지 일대,127.0390042,37.5732791
상암근린공원,160349.3㎡,2006.1.1,조경시설 : 생태연못 생태습지 암석원 그늘시렁 정자 등 편의시설 : 화장실 연식의자 등 관리시설 : 종합안내판 공원등 관리사무소 모유수유실 유모차대여소 등 기반시설 : 운동기구(어깨손목돌리기 등 7종 10조) ,마포구,서울특별시 마포구 상암동 1761,126.8859012,37.5760106
와우근린공원,87432.4㎡,1940.3.12,배드민턴장 약수터 농구장 조깅트랙 체력단련장 지압보도 광장,마포구,서울특별시 마포구 창전동 3-193번지 일대(홍익대 뒷산),126.9289936,37.5517298
금호근린공원,13467㎡   ,1976.5.3 ,체육관 경로당 청소년 문화회관 어린이집 그늘시렁 음수대 평의자 등의자 운동시설물 공원등 종합안내간판 등 ,성동구,서울특별시 성동구 장터1길 18,127.0189457,37.5494726
달맞이근린공원,46871㎡,2007.12.2,경로당 어린이놀이터 배드민턴장 화장실 음수대 공원등,성동구,서울특별시 성동구 옥수동 산1-1,127.0212054,37.543564
문정근린공원,49972㎡,2006.3,조경시설 : 바닥분수 초가정자 사각정자 휴게벤치 등 기반시설 : 경화토포장로 마사토산책로 등 ,송파구,서울특별시 송파구 문정동 18-4,127.1275819,37.4862156
문화예술공원,74385㎡,1994.10.25,놀이마당 중앙광장 잔디광장 야외무대 원두막 1동 조각작품 12개소 모래놀이터 등 ,서초구,서울특별시 서초구 바우뫼로12길 40 (양재동),127.030517,37.467654
세종로공원,8868㎡ ,2010.11.12,휴게?편익공간 : 야외무대 382㎡ 매점 18㎡ 디자인파라솔 2개소 야외테이블 14개 등 상징광장 : 조선시대 사헌부 및 병조터 흔적복원 490㎡ 한글글자마당 : 168㎡(전국민 공모 11172자로 구성) ,종로구,서울특별시 종로구 세종대로 189 (우) 03172,126.9758875,37.5735
샘말공원(관악산),10634㎡ ,2009.9.29,조경시설 : 바닥분수 음수전 육각정자 파고라 유희시설 : 조합놀이대 1조 놀이시설 2종 3점 운동시설 : 허리돌리기 팔올리기운동 옆회전운동 등 11점 지압보도 편의시설 : 화장실 관리시설 : 관리사무실 공원등 27본 ,관악구,서울특별시 관악구 대학동 산63-1일대 샘말공원,126.938511,37.4642128
초안산생태공원,22113㎡,2012.4.6,조경시설 : 잔디광장 계류 생태연못 녹지대 편의시설 : 음수대 유희시설 : 조합놀이대 시소 그네 운동시설 : 생활체육시설 관리시설 : CCTV 공원등 공원안내판 유희시설 : 산책로 중앙진입로 ,도봉구,서울특별시 도봉구 창동 산24,127.0405382,37.6479483
청계산도시자연공원,3692455㎡   ,1971.8 6,정자 4동 파고라 약수터 화장실 등,서초구,서울특별시 서초구 원지동 산 33,127.0424726,37.4224347
개화근린공원,386500㎡,1997.7.9,약사사 약사사 3층석탑 미타사 약수터 6?25전사자위령탑 운동시설 등,강서구,서울특별시 강서구 개화동 산17,126.8068278,37.5813917
아차산생태공원,23450㎡,2002.3,남의광장 생태자료실 자생식물원 나비공원 습지원 황톳길 지압보도 및 약수터,광진구,서울특별시 광진구 광장동 370,127.1010031,37.5517142
우면산도시자연공원,4180551㎡,1971.8.6,약수터 정자 화장실 등,서초구,서울특별시 서초구 우면동 산35-1,127.0091324,37.470484
광평근린공원,519782㎡ ,1971.8.6 ,사당 재실 종회당 ,강남구,서울특별시 강남구 수서동 산10-1,127.092184,37.4880445
청담근린공원,59347㎡ ,1990.4.30 ,청소년회관 시비광장 실개천 배드민턴장 농구장 약수터 운동광장 등 ,강남구,서울특별시 강남구 청담동 66,127.052453,37.5213259
허브천문공원,25500㎡ ,2006.9.21 ,유리온실 관천대 전망데크 휴게데크 그늘막 별자리조명 등 ,강동구,서울특별시 강동구 둔촌동 산94,127.1533951,37.5372715
연신내물빛공원,2560㎡ ,2001.10.31 ,일출분수 파발벽천 수로 등  ,은평구,서울특별시 은평구 통일로 849,126.9207354,37.619052
나들이근린공원,32000㎡ ,2007.7.18 ,잔디마당 맨발광장 뜀동산 피크닉장 야생초화원 농촌체험장 ,중랑구,서울특별시 중구 망우동 산 30-7 일대,127.113261,37.6054218
서일대뒷산공원,631021㎡ ,1992.8.15 ,순국선열 추념탑 348㎡ 높이 22.3m ,중랑구,서울특별시 중랑구 면목동 산19,127.0987817,37.5877155
용마도시자연공원(사가정공원),109635㎡ ,2005.4.13 ,피크닉장 놀이터 체력단련장 체육관  ,중랑구,서울특별시 중랑구 면목7동 산50 ,127.095997,37.5797622
문화비축기지,140022㎡,2017.9.1,6개의탱크와 문화마당 녹지,마포구,서울특별시 마포구 증산로 87,126.8932455,37.57171848
율현공원,157535㎡,2016.11.1,관리시설 : 사무실 조경시설 : 정자(4개) 조형쉼터(10개) 조형파고라(3개) 수경시설 운동시설 : 게이트볼장 다목적구장 체력단련시설 편익시설 : 화장실(2개) 음수대(3개) 근로자대기실 유희시설 : 어린이놀이터(2개) ,강남구,서울특별시 강남구 율현동 밤고개로24길(율현동 56),127.115594,37.472332
